Name,Owner,Status,Timeline Event,Container Puzzle,Required For (Puzzle),Rewarded by (Puzzle),Basic Type,First Available,Associated Characters,Narrative Threads
Coat Check,,In development,,,,,Set Dressing,Act 1,,
Sarah <> Marcus Post-Fight Note,Sarah Blackwood (https://www.notion.so/Sarah-Blackwood-18c2f33d583f804588f3c23116be2724?pvs=21),Ready for Playtest,@Sarah Blackwood and @Marcus Blackwood have an altercation about Sarah going back to work (https://www.notion.so/and-have-an-altercation-about-Sarah-going-back-to-work-1b52f33d583f8093ae5fea0d1993fe57?pvs=21),,,False Bottom Puzzle (https://www.notion.so/False-Bottom-Puzzle-1b62f33d583f80f28333feae6e7f6bd5?pvs=21),Prop,Act 1,"https://www.notion.so/18c2f33d583f804588f3c23116be2724, https://www.notion.so/18c2f33d583f80c883b4ef43b7c9c4b1",Funding Competition
Sarah <> Diana Note,Sarah Blackwood (https://www.notion.so/Sarah-Blackwood-18c2f33d583f804588f3c23116be2724?pvs=21),Ready for Playtest,@Sarah Blackwood reaches out to @Diana Nilsson about her ‘options’ with @Marcus Blackwood  (https://www.notion.so/reaches-out-to-about-her-options-with-1b52f33d583f80cab041c46555994147?pvs=21),,,False Bottom Puzzle (https://www.notion.so/False-Bottom-Puzzle-1b62f33d583f80f28333feae6e7f6bd5?pvs=21),Prop,Act 1,"https://www.notion.so/18c2f33d583f804588f3c23116be2724, https://www.notion.so/19f2f33d583f801f8f0dfbe2aaabdffa",Marriage Troubles
Derek <> Sarah Postcard,Sarah Blackwood (https://www.notion.so/Sarah-Blackwood-18c2f33d583f804588f3c23116be2724?pvs=21),Ready for Playtest,@Derek Thorn reaches out to @Sarah Blackwood via post card to plead her to help him convince @Marcus Blackwood to keep throwing the parties (https://www.notion.so/reaches-out-to-via-post-card-to-plead-her-to-help-him-convince-to-keep-throwing-the-parties-1b52f33d583f809aba1efe20fe9cf0f9?pvs=21),,,False Bottom Puzzle (https://www.notion.so/False-Bottom-Puzzle-1b62f33d583f80f28333feae6e7f6bd5?pvs=21),Prop,Act 1,"https://www.notion.so/18c2f33d583f804588f3c23116be2724, https://www.notion.so/18c2f33d583f80a39b13ca462bd2d606",Underground Parties
Alex <> Sarah text apology (fuck marcus),Alex Reeves (https://www.notion.so/Alex-Reeves-18c2f33d583f80868ff8fdb97283e1a8?pvs=21),Ready for Playtest,@Alex Reeves apologizes to @Sarah Blackwood about making a scene with @Marcus Blackwood  (https://www.notion.so/apologizes-to-about-making-a-scene-with-1b52f33d583f803b93f3cfe37eef2ac7?pvs=21),,,Collab. UV Light Puzzle (https://www.notion.so/Collab-UV-Light-Puzzle-1b62f33d583f8061b077de6c0a6f0162?pvs=21),Prop,Act 1,"https://www.notion.so/18c2f33d583f804588f3c23116be2724, https://www.notion.so/18c2f33d583f80868ff8fdb97283e1a8",Corp. Espionage
"Victoria’s Voice Memo (Marcus’ Fight) ",Victoria Kingsley (https://www.notion.so/Victoria-Kingsley-18c2f33d583f80a587aacd198fb5a65a?pvs=21),Ready for Playtest,"@Victoria Kingsley records a voice memo on her phone, trying to calm herself down after @Alex Reeves and @Marcus Blackwood get into a fist fight at the party. (https://www.notion.so/records-a-voice-memo-on-her-phone-trying-to-calm-herself-down-after-and-get-into-a-fist-fight-at--1b52f33d583f80d19109c01996955998?pvs=21)",,,Queens/Sudoku Lock (https://www.notion.so/Queens-Sudoku-Lock-1b62f33d583f80dea4b7cae080a83b31?pvs=21),Prop,Act 1,https://www.notion.so/18c2f33d583f80a587aacd198fb5a65a,Corp. Espionage
Jessicah <> Marcus Email,Victoria Kingsley (https://www.notion.so/Victoria-Kingsley-18c2f33d583f80a587aacd198fb5a65a?pvs=21),Ready for Playtest,@Jessicah Kane emails @Marcus Blackwood about her pregnancy and pressures him to leave @Sarah Blackwood  (https://www.notion.so/emails-about-her-pregnancy-and-pressures-him-to-leave-1b52f33d583f80d696b5eb0e6d21c1bf?pvs=21),,,Queens/Sudoku Lock (https://www.notion.so/Queens-Sudoku-Lock-1b62f33d583f80dea4b7cae080a83b31?pvs=21),Prop,Act 1,"https://www.notion.so/18c2f33d583f80c883b4ef43b7c9c4b1, https://www.notion.so/19f2f33d583f80e2af1fced97f5d8b60",Marriage Troubles
Staffing budget proposal for next cash injection w/ line item for new in house chemist (Marcus wants Derek on payroll),Victoria Kingsley (https://www.notion.so/Victoria-Kingsley-18c2f33d583f80a587aacd198fb5a65a?pvs=21),Ready for Playtest,@Marcus Blackwood submits a new staffing budget(w/ @Derek Thorn as in house chemist) in anticipation of @Victoria Kingsley ‘s next cash injection into NeurAI. (https://www.notion.so/submits-a-new-staffing-budget-w-as-in-house-chemist-in-anticipation-of-s-next-cash-injection-in-1b52f33d583f8078897ad406a46c98c3?pvs=21),,,Queens/Sudoku Lock (https://www.notion.so/Queens-Sudoku-Lock-1b62f33d583f80dea4b7cae080a83b31?pvs=21),Prop,Act 1,"https://www.notion.so/18c2f33d583f80a39b13ca462bd2d606, https://www.notion.so/18c2f33d583f80a587aacd198fb5a65a, https://www.notion.so/18c2f33d583f80c883b4ef43b7c9c4b1","Funding Competition, Memory Drug"
Derek <> Marcus Texts,Derek Thorn (https://www.notion.so/Derek-Thorn-18c2f33d583f80a39b13ca462bd2d606?pvs=21),Ready for Playtest,@Derek Thorn texts @Marcus Blackwood about overhearing @Victoria Kingsley not wanting to go to jail because of him (https://www.notion.so/texts-about-overhearing-not-wanting-to-go-to-jail-because-of-him-1b52f33d583f80a7ac4bee6cfb6fb471?pvs=21),,,Party Posters Spot the Differences Puzzle (https://www.notion.so/Party-Posters-Spot-the-Differences-Puzzle-1b62f33d583f80129b24c8b955a3d6dd?pvs=21),Prop,Act 1,"https://www.notion.so/18c2f33d583f80a39b13ca462bd2d606, https://www.notion.so/18c2f33d583f80c883b4ef43b7c9c4b1",Memory Drug
Derek <> Diana Texts,Derek Thorn (https://www.notion.so/Derek-Thorn-18c2f33d583f80a39b13ca462bd2d606?pvs=21),Ready for Playtest,@Diana Nilsson and @Marcus Blackwood have an affair (https://www.notion.so/and-have-an-affair-1b52f33d583f80ecb9bbf1e711125ed5?pvs=21),,,Party Posters Spot the Differences Puzzle (https://www.notion.so/Party-Posters-Spot-the-Differences-Puzzle-1b62f33d583f80129b24c8b955a3d6dd?pvs=21),Prop,Act 1,"https://www.notion.so/18c2f33d583f80c883b4ef43b7c9c4b1, https://www.notion.so/19f2f33d583f801f8f0dfbe2aaabdffa",Marriage Troubles
James’ threatening email to Marcus (James getting shafted in deal with Victoria)(Marcus screwed Alex at last co.),James Whitman (https://www.notion.so/James-Whitman-18c2f33d583f802f9042d4e989988b6e?pvs=21),Ready for Playtest,@James Whitman sends a strongly worded email to @Marcus Blackwood about his unfair funding (https://www.notion.so/sends-a-strongly-worded-email-to-about-his-unfair-funding-1b52f33d583f8090845deed58c80a56e?pvs=21),,,Collab. One Pagers Puzzle (https://www.notion.so/Collab-One-Pagers-Puzzle-1b62f33d583f80caacfef90aea72d35d?pvs=21),Prop,Act 1,"https://www.notion.so/18c2f33d583f802f9042d4e989988b6e, https://www.notion.so/18c2f33d583f80c883b4ef43b7c9c4b1",Funding Competition
Note from Victoria to Ashe,James Whitman (https://www.notion.so/James-Whitman-18c2f33d583f802f9042d4e989988b6e?pvs=21),Ready for Playtest,@Victoria Kingsley attempts to pass @Ashe Motoko a note to meet about an expose on @Marcus Blackwood  (https://www.notion.so/attempts-to-pass-a-note-to-meet-about-an-expose-on-1b52f33d583f80229743d9d64c7c964a?pvs=21),,,Collab. One Pagers Puzzle (https://www.notion.so/Collab-One-Pagers-Puzzle-1b62f33d583f80caacfef90aea72d35d?pvs=21),Prop,Act 1,"https://www.notion.so/18c2f33d583f80a587aacd198fb5a65a, https://www.notion.so/19f2f33d583f804fa5e2c90a3cac6699","Funding Competition, Memory Drug"
Baggie of PsychoTrophin3B,Derek Thorn (https://www.notion.so/Derek-Thorn-18c2f33d583f80a39b13ca462bd2d606?pvs=21),Ready for Playtest,,,,Party Posters Spot the Differences Puzzle (https://www.notion.so/Party-Posters-Spot-the-Differences-Puzzle-1b62f33d583f80129b24c8b955a3d6dd?pvs=21),Prop,Act 1,,"Memory Drug, Underground Parties"
Derek's Gym Bag,Derek Thorn (https://www.notion.so/Derek-Thorn-18c2f33d583f80a39b13ca462bd2d606?pvs=21),Ready for Playtest,,Party Posters Spot the Differences Puzzle (https://www.notion.so/Party-Posters-Spot-the-Differences-Puzzle-1b62f33d583f80129b24c8b955a3d6dd?pvs=21),,,Prop,Act 1,,"Marriage Troubles, Memory Drug, Underground Parties"
Sarah<>Rachel Texts (Marcus' Changes),Sarah Blackwood (https://www.notion.so/Sarah-Blackwood-18c2f33d583f804588f3c23116be2724?pvs=21),Ready for Playtest,Sarah texts Rachel Torres about how much she hates Marcus‘s parties (https://www.notion.so/Sarah-texts-Rachel-Torres-about-how-much-she-hates-Marcus-s-parties-1b52f33d583f807fa85fcad4385806c3?pvs=21),,Party Posters Spot the Differences Puzzle (https://www.notion.so/Party-Posters-Spot-the-Differences-Puzzle-1b62f33d583f80129b24c8b955a3d6dd?pvs=21),,Prop,Act 1,"https://www.notion.so/18c2f33d583f804588f3c23116be2724, https://www.notion.so/1b62f33d583f80b6bdc5c3ab5216e841",Marriage Troubles
UV Light,Sarah Blackwood (https://www.notion.so/Sarah-Blackwood-18c2f33d583f804588f3c23116be2724?pvs=21),Ready for Playtest,,,Cease & Desist Secret Code (https://www.notion.so/Cease-Desist-Secret-Code-1b62f33d583f809fa107c765e1c48248?pvs=21),False Bottom Puzzle (https://www.notion.so/False-Bottom-Puzzle-1b62f33d583f80f28333feae6e7f6bd5?pvs=21),Prop,Act 1,,Corp. Espionage
Cease & Desist Letter,Alex Reeves (https://www.notion.so/Alex-Reeves-18c2f33d583f80868ff8fdb97283e1a8?pvs=21),Done,Cease & Desist served to NeurAI by @Alex Reeves .  (https://www.notion.so/Cease-Desist-served-to-NeurAI-by-1b52f33d583f809f880be74dea03991a?pvs=21),Cease & Desist Secret Code (https://www.notion.so/Cease-Desist-Secret-Code-1b62f33d583f809fa107c765e1c48248?pvs=21),"Collab. UV Light Puzzle (https://www.notion.so/Collab-UV-Light-Puzzle-1b62f33d583f8061b077de6c0a6f0162?pvs=21), Cease & Desist Secret Code (https://www.notion.so/Cease-Desist-Secret-Code-1b62f33d583f809fa107c765e1c48248?pvs=21)",,Prop,Act 1,"https://www.notion.so/18c2f33d583f80868ff8fdb97283e1a8, https://www.notion.so/18c2f33d583f80a587aacd198fb5a65a, https://www.notion.so/18c2f33d583f80c883b4ef43b7c9c4b1",Corp. Espionage
Alex' Backpack,Alex Reeves (https://www.notion.so/Alex-Reeves-18c2f33d583f80868ff8fdb97283e1a8?pvs=21),In development,,Collab. UV Light Puzzle (https://www.notion.so/Collab-UV-Light-Puzzle-1b62f33d583f8061b077de6c0a6f0162?pvs=21),,,Prop,Act 1,,Corp. Espionage
James <> Alex emails (party invite),Alex Reeves (https://www.notion.so/Alex-Reeves-18c2f33d583f80868ff8fdb97283e1a8?pvs=21),Ready for Playtest,@James Whitman reaches out to @Alex Reeves for an invite to @Marcus Blackwood’s party. (https://www.notion.so/reaches-out-to-for-an-invite-to-s-party-1b52f33d583f80f5a8f7c994150e6c6f?pvs=21),,,Collab. UV Light Puzzle (https://www.notion.so/Collab-UV-Light-Puzzle-1b62f33d583f8061b077de6c0a6f0162?pvs=21),Prop,Act 1,"https://www.notion.so/18c2f33d583f802f9042d4e989988b6e, https://www.notion.so/18c2f33d583f80868ff8fdb97283e1a8","Corp. Espionage, Funding Competition"
Sarah's Jewelry Box,,In development,,,False Bottom Puzzle (https://www.notion.so/False-Bottom-Puzzle-1b62f33d583f80f28333feae6e7f6bd5?pvs=21),,Prop,Act 1,,
Victoria <> Alex Text Chatlog,Victoria Kingsley (https://www.notion.so/Victoria-Kingsley-18c2f33d583f80a587aacd198fb5a65a?pvs=21),Ready for Playtest,@Alex Reeves texts @Victoria Kingsley with threats of legal action against NeurAI and Victoria offers to meet up at the next rave (https://www.notion.so/texts-with-threats-of-legal-action-against-NeurAI-and-Victoria-offers-to-meet-up-at-the-next-rave-1b52f33d583f80cc8856f2676ee59d71?pvs=21),,Collab. UV Light Puzzle (https://www.notion.so/Collab-UV-Light-Puzzle-1b62f33d583f8061b077de6c0a6f0162?pvs=21),,Prop,Act 1,"https://www.notion.so/18c2f33d583f80868ff8fdb97283e1a8, https://www.notion.so/18c2f33d583f80a587aacd198fb5a65a","Corp. Espionage, Funding Competition"
James <> Victoria Funding Email,James Whitman (https://www.notion.so/James-Whitman-18c2f33d583f802f9042d4e989988b6e?pvs=21),Ready for Playtest,@James Whitman email @Victoria Kingsley asking to meet about Marcus’ unfair funding. (https://www.notion.so/email-asking-to-meet-about-Marcus-unfair-funding-1b52f33d583f804395fdc3a1cd245c37?pvs=21),,Collab. One Pagers Puzzle (https://www.notion.so/Collab-One-Pagers-Puzzle-1b62f33d583f80caacfef90aea72d35d?pvs=21),,Prop,Act 1,"https://www.notion.so/18c2f33d583f802f9042d4e989988b6e, https://www.notion.so/18c2f33d583f80a587aacd198fb5a65a, https://www.notion.so/18c2f33d583f80c883b4ef43b7c9c4b1",Funding Competition
James’ Jacket,James Whitman (https://www.notion.so/James-Whitman-18c2f33d583f802f9042d4e989988b6e?pvs=21),In development,,Collab. One Pagers Puzzle (https://www.notion.so/Collab-One-Pagers-Puzzle-1b62f33d583f80caacfef90aea72d35d?pvs=21),,,Prop,Act 1,,Funding Competition
Company One-Pagers,Victoria Kingsley (https://www.notion.so/Victoria-Kingsley-18c2f33d583f80a587aacd198fb5a65a?pvs=21),Ready for Playtest,@James Whitman ‘s company AIBioComp gets funded by @Victoria Kingsley ‘s new VC firm along with @Marcus Blackwood ‘s NeurAI (https://www.notion.so/s-company-AIBioComp-gets-funded-by-s-new-VC-firm-along-with-s-NeurAI-1b52f33d583f80f0a1f3ecb9b9cdd040?pvs=21),,Collab. One Pagers Puzzle (https://www.notion.so/Collab-One-Pagers-Puzzle-1b62f33d583f80caacfef90aea72d35d?pvs=21),Queens/Sudoku Lock (https://www.notion.so/Queens-Sudoku-Lock-1b62f33d583f80dea4b7cae080a83b31?pvs=21),Prop,Act 1,"https://www.notion.so/18c2f33d583f802f9042d4e989988b6e, https://www.notion.so/18c2f33d583f80a587aacd198fb5a65a, https://www.notion.so/18c2f33d583f80c883b4ef43b7c9c4b1",Funding Competition
Silicon Valley Business Journal,Victoria Kingsley (https://www.notion.so/Victoria-Kingsley-18c2f33d583f80a587aacd198fb5a65a?pvs=21),Ready for Playtest,@James Whitman ‘s company AIBioComp gets funded by @Victoria Kingsley ‘s new VC firm along with @Marcus Blackwood ‘s NeurAI (https://www.notion.so/s-company-AIBioComp-gets-funded-by-s-new-VC-firm-along-with-s-NeurAI-1b52f33d583f80f0a1f3ecb9b9cdd040?pvs=21),,"Queens/Sudoku Lock (https://www.notion.so/Queens-Sudoku-Lock-1b62f33d583f80dea4b7cae080a83b31?pvs=21), Taylor’s indexing puzzle (https://www.notion.so/Taylor-s-indexing-puzzle-1dc2f33d583f80e9a36bc89c24ae43f0?pvs=21)",,Prop,Act 1,"https://www.notion.so/18c2f33d583f802f9042d4e989988b6e, https://www.notion.so/18c2f33d583f80a587aacd198fb5a65a, https://www.notion.so/18c2f33d583f80c883b4ef43b7c9c4b1",Funding Competition
Victoria’s Briefcase,Victoria Kingsley (https://www.notion.so/Victoria-Kingsley-18c2f33d583f80a587aacd198fb5a65a?pvs=21),In development,,Queens/Sudoku Lock (https://www.notion.so/Queens-Sudoku-Lock-1b62f33d583f80dea4b7cae080a83b31?pvs=21),,,Prop,Act 1,,"Corp. Espionage, Funding Competition"
James' Memory - Marcus entering 2nd room,James Whitman (https://www.notion.so/James-Whitman-18c2f33d583f802f9042d4e989988b6e?pvs=21),Ready for Playtest,@James Whitman witnesses @Marcus Blackwood entering the 2nd room of the space.  (https://www.notion.so/witnesses-entering-the-2nd-room-of-the-space-1b52f33d583f80c4b1bae1b90f0de88b?pvs=21),,,Collab. One Pagers Puzzle (https://www.notion.so/Collab-One-Pagers-Puzzle-1b62f33d583f80caacfef90aea72d35d?pvs=21),Memory Token Video,Act 1,"https://www.notion.so/18c2f33d583f802f9042d4e989988b6e, https://www.notion.so/18c2f33d583f80c883b4ef43b7c9c4b1",Funding Competition
Diana Character Sheet,Diana Nilsson (https://www.notion.so/Diana-Nilsson-19f2f33d583f801f8f0dfbe2aaabdffa?pvs=21),In development,@Derek Thorn and @Marcus Blackwood start hosting parties at abandoned venues together. @Diana Nilsson helps hook them up with a venue for the very first party.  Derek deals drugs at these parties.  (https://www.notion.so/and-start-hosting-parties-at-abandoned-venues-together-helps-hook-them-up-with-a-venue-for-the-ve-1b52f33d583f806c9040f9f4dddcf970?pvs=21),,,,Prop,Act 0,"https://www.notion.so/18c2f33d583f80a39b13ca462bd2d606, https://www.notion.so/18c2f33d583f80c883b4ef43b7c9c4b1, https://www.notion.so/19f2f33d583f801f8f0dfbe2aaabdffa",
James Character Sheet,James Whitman (https://www.notion.so/James-Whitman-18c2f33d583f802f9042d4e989988b6e?pvs=21),Ready for Playtest,"@James Whitman meets @Marcus Blackwood at YCombinator (https://www.notion.so/meets-at-YCombinator-1b52f33d583f80dc934fd6cd004dafa8?pvs=21), @James Whitman ‘s company AIBioComp gets funded by @Victoria Kingsley ‘s new VC firm along with @Marcus Blackwood ‘s NeurAI (https://www.notion.so/s-company-AIBioComp-gets-funded-by-s-new-VC-firm-along-with-s-NeurAI-1b52f33d583f80f0a1f3ecb9b9cdd040?pvs=21)",,,,Prop,Act 0,"https://www.notion.so/18c2f33d583f802f9042d4e989988b6e, https://www.notion.so/18c2f33d583f80868ff8fdb97283e1a8, https://www.notion.so/18c2f33d583f80c883b4ef43b7c9c4b1,https://www.notion.so/18c2f33d583f802f9042d4e989988b6e, https://www.notion.so/18c2f33d583f80a587aacd198fb5a65a, https://www.notion.so/18c2f33d583f80c883b4ef43b7c9c4b1",
Derek Character Sheet,Derek Thorn (https://www.notion.so/Derek-Thorn-18c2f33d583f80a39b13ca462bd2d606?pvs=21),Ready for Playtest,"@Derek Thorn and @Marcus Blackwood attend Stanford together. (https://www.notion.so/and-attend-Stanford-together-1b52f33d583f8059b687e49c7f23a8be?pvs=21), @Derek Thorn and @Marcus Blackwood start hosting parties at abandoned venues together. @Diana Nilsson helps hook them up with a venue for the very first party.  Derek deals drugs at these parties.  (https://www.notion.so/and-start-hosting-parties-at-abandoned-venues-together-helps-hook-them-up-with-a-venue-for-the-ve-1b52f33d583f806c9040f9f4dddcf970?pvs=21)",,,,Prop,Act 0,"https://www.notion.so/18c2f33d583f80a39b13ca462bd2d606, https://www.notion.so/18c2f33d583f80c883b4ef43b7c9c4b1,https://www.notion.so/18c2f33d583f80a39b13ca462bd2d606, https://www.notion.so/18c2f33d583f80c883b4ef43b7c9c4b1, https://www.notion.so/19f2f33d583f801f8f0dfbe2aaabdffa",
Victoria Character Sheet,Victoria Kingsley (https://www.notion.so/Victoria-Kingsley-18c2f33d583f80a587aacd198fb5a65a?pvs=21),Ready for Playtest,"Sarah, Marcus, and Alex all meet at the Summer 2010 FB Internship program overseen by Victoria (https://www.notion.so/Sarah-Marcus-and-Alex-all-meet-at-the-Summer-2010-FB-Internship-program-overseen-by-Victoria-1b52f33d583f8068aa28f79e68e79e64?pvs=21), @James Whitman ‘s company AIBioComp gets funded by @Victoria Kingsley ‘s new VC firm along with @Marcus Blackwood ‘s NeurAI (https://www.notion.so/s-company-AIBioComp-gets-funded-by-s-new-VC-firm-along-with-s-NeurAI-1b52f33d583f80f0a1f3ecb9b9cdd040?pvs=21)",,,,Prop,Act 0,"https://www.notion.so/18c2f33d583f804588f3c23116be2724, https://www.notion.so/18c2f33d583f80868ff8fdb97283e1a8, https://www.notion.so/18c2f33d583f80a587aacd198fb5a65a, https://www.notion.so/18c2f33d583f80c883b4ef43b7c9c4b1,https://www.notion.so/18c2f33d583f802f9042d4e989988b6e, https://www.notion.so/18c2f33d583f80a587aacd198fb5a65a, https://www.notion.so/18c2f33d583f80c883b4ef43b7c9c4b1",
Alex Character Sheet,Alex Reeves (https://www.notion.so/Alex-Reeves-18c2f33d583f80868ff8fdb97283e1a8?pvs=21),Ready for Playtest,"Sarah, Marcus, and Alex all meet at the Summer 2010 FB Internship program overseen by Victoria (https://www.notion.so/Sarah-Marcus-and-Alex-all-meet-at-the-Summer-2010-FB-Internship-program-overseen-by-Victoria-1b52f33d583f8068aa28f79e68e79e64?pvs=21), @Alex Reeves and @Marcus Blackwood found BizAI together. (https://www.notion.so/and-found-BizAI-together-1b52f33d583f80a79b9ad611969f0328?pvs=21)",,,,Prop,Act 0,"https://www.notion.so/18c2f33d583f804588f3c23116be2724, https://www.notion.so/18c2f33d583f80868ff8fdb97283e1a8, https://www.notion.so/18c2f33d583f80a587aacd198fb5a65a, https://www.notion.so/18c2f33d583f80c883b4ef43b7c9c4b1,https://www.notion.so/18c2f33d583f80868ff8fdb97283e1a8, https://www.notion.so/18c2f33d583f80c883b4ef43b7c9c4b1",
Sarah Character Sheet,Sarah Blackwood (https://www.notion.so/Sarah-Blackwood-18c2f33d583f804588f3c23116be2724?pvs=21),Ready for Playtest,"Sarah, Marcus, and Alex all meet at the Summer 2010 FB Internship program overseen by Victoria (https://www.notion.so/Sarah-Marcus-and-Alex-all-meet-at-the-Summer-2010-FB-Internship-program-overseen-by-Victoria-1b52f33d583f8068aa28f79e68e79e64?pvs=21), Sarah and Marcus get married (https://www.notion.so/Sarah-and-Marcus-get-married-1b52f33d583f8018920fe946e6ad7d72?pvs=21)",,,,Prop,Act 0,"https://www.notion.so/18c2f33d583f804588f3c23116be2724, https://www.notion.so/18c2f33d583f80868ff8fdb97283e1a8, https://www.notion.so/18c2f33d583f80a587aacd198fb5a65a, https://www.notion.so/18c2f33d583f80c883b4ef43b7c9c4b1,https://www.notion.so/18c2f33d583f804588f3c23116be2724, https://www.notion.so/18c2f33d583f80868ff8fdb97283e1a8, https://www.notion.so/18c2f33d583f80a39b13ca462bd2d606, https://www.notion.so/18c2f33d583f80a587aacd198fb5a65a, https://www.notion.so/18c2f33d583f80c883b4ef43b7c9c4b1, https://www.notion.so/19f2f33d583f801f8f0dfbe2aaabdffa, https://www.notion.so/19f2f33d583f80e2af1fced97f5d8b60",
5 pillows with letters inside,,Idea/Placeholder,,,Pillow Puzzle (https://www.notion.so/Pillow-Puzzle-1dc2f33d583f802ab24ad1c3fbdf24e9?pvs=21),,Set Dressing,,,
sculpture with locked compartment,Kai Andersen (https://www.notion.so/Kai-Andersen-1b62f33d583f80ceb624d8c9b78a7850?pvs=21),Idea/Placeholder,,Kai's perspective Puzzle (https://www.notion.so/Kai-s-perspective-Puzzle-1dd2f33d583f80fa909eccf94bbd7db8?pvs=21),,,Set Dressing,,,
The Bar Safe,Jamie Woods (https://www.notion.so/Jamie-Woods-1b62f33d583f80229a6fc558cbb376a8?pvs=21),Source Prop/print,,Jamie's bar puzzle (https://www.notion.so/Jamie-s-bar-puzzle-1dd2f33d583f80b4a89ffea6523e4bb4?pvs=21),,,Set Dressing,,,
Posters 2 (Derek’s gym bag),Derek Thorn (https://www.notion.so/Derek-Thorn-18c2f33d583f80a39b13ca462bd2d606?pvs=21),Ready for Playtest,"Glow in the Dark Rave (https://www.notion.so/Glow-in-the-Dark-Rave-1b52f33d583f801a833be1fe0c6fc72c?pvs=21), Matrix Rave (https://www.notion.so/Matrix-Rave-1b52f33d583f80fa984bd75653969577?pvs=21), Rodeo Night Rave (https://www.notion.so/Rodeo-Night-Rave-1b52f33d583f8088bfd4d67dc3c5a6e4?pvs=21)",,Party Posters Spot the Differences Puzzle (https://www.notion.so/Party-Posters-Spot-the-Differences-Puzzle-1b62f33d583f80129b24c8b955a3d6dd?pvs=21),,Set Dressing,,"https://www.notion.so/18c2f33d583f80a39b13ca462bd2d606, https://www.notion.so/18c2f33d583f80c883b4ef43b7c9c4b1, https://www.notion.so/19f2f33d583f801f8f0dfbe2aaabdffa,https://www.notion.so/18c2f33d583f804588f3c23116be2724, https://www.notion.so/18c2f33d583f80a39b13ca462bd2d606, https://www.notion.so/18c2f33d583f80c883b4ef43b7c9c4b1, https://www.notion.so/19f2f33d583f801f8f0dfbe2aaabdffa,https://www.notion.so/18c2f33d583f80a39b13ca462bd2d606, https://www.notion.so/18c2f33d583f80c883b4ef43b7c9c4b1",Underground Parties
Posters 1 (Walls),Derek Thorn (https://www.notion.so/Derek-Thorn-18c2f33d583f80a39b13ca462bd2d606?pvs=21),Ready for Playtest,"Glow in the Dark Rave (https://www.notion.so/Glow-in-the-Dark-Rave-1b52f33d583f801a833be1fe0c6fc72c?pvs=21), Rodeo Night Rave (https://www.notion.so/Rodeo-Night-Rave-1b52f33d583f8088bfd4d67dc3c5a6e4?pvs=21), Matrix Rave (https://www.notion.so/Matrix-Rave-1b52f33d583f80fa984bd75653969577?pvs=21)",,Party Posters Spot the Differences Puzzle (https://www.notion.so/Party-Posters-Spot-the-Differences-Puzzle-1b62f33d583f80129b24c8b955a3d6dd?pvs=21),,Set Dressing,,"https://www.notion.so/18c2f33d583f80a39b13ca462bd2d606, https://www.notion.so/18c2f33d583f80c883b4ef43b7c9c4b1, https://www.notion.so/19f2f33d583f801f8f0dfbe2aaabdffa,https://www.notion.so/18c2f33d583f80a39b13ca462bd2d606, https://www.notion.so/18c2f33d583f80c883b4ef43b7c9c4b1,https://www.notion.so/18c2f33d583f804588f3c23116be2724, https://www.notion.so/18c2f33d583f80a39b13ca462bd2d606, https://www.notion.so/18c2f33d583f80c883b4ef43b7c9c4b1, https://www.notion.so/19f2f33d583f801f8f0dfbe2aaabdffa",Underground Parties
Tori's locked box,Tori Zhang (https://www.notion.so/Tori-Zhang-1b62f33d583f80a7b85fd832d542b747?pvs=21),Idea/Placeholder,,Tori's puzzle (https://www.notion.so/Tori-s-puzzle-1de2f33d583f8098bf2ace81771756dc?pvs=21),,,Prop,,,
Skyler's locked bag,Skyler Iyer (https://www.notion.so/Skyler-Iyer-1b62f33d583f808681f8c0a239ef8736?pvs=21),Idea/Placeholder,,Skyler's non-puzzle (https://www.notion.so/Skyler-s-non-puzzle-1de2f33d583f8012b944d60fad6057e1?pvs=21),,,Prop,,,
Oliver's locked box,Oliver Sterling (https://www.notion.so/Oliver-Sterling-1b62f33d583f80babea1ce0d7650256d?pvs=21),Idea/Placeholder,,Oliver's pill logic puzzle (https://www.notion.so/Oliver-s-pill-logic-puzzle-1de2f33d583f80d0bfc6cd2c725f8ed9?pvs=21),,,Prop,,,
Sofia's locked purse,Sofia Francisco (https://www.notion.so/Sofia-Francisco-1b62f33d583f8063bc0cfa0195863eb9?pvs=21),Idea/Placeholder,,Sofia's headshot puzzle (https://www.notion.so/Sofia-s-headshot-puzzle-1de2f33d583f80e589e2f16fa694e299?pvs=21),,,Prop,,,
Howie's locked box,Howie Sullivan (https://www.notion.so/Howie-Sullivan-1b62f33d583f807fb807d89bb65c2c33?pvs=21),Idea/Placeholder,,Howie's binary puzzle (https://www.notion.so/Howie-s-binary-puzzle-1dd2f33d583f800b8178e29b74c8ee57?pvs=21),,,Prop,,,
Rachel's purse,Rachel Torres  (https://www.notion.so/Rachel-Torres-1b62f33d583f80b6bdc5c3ab5216e841?pvs=21),Idea/Placeholder,,Rachel's Mojito puzzle (https://www.notion.so/Rachel-s-Mojito-puzzle-1dd2f33d583f80a5aac2d0ec48bc7fb3?pvs=21),,,Prop,,,
Leila's locked box,Leila Bishara (https://www.notion.so/Leila-Bishara-1b62f33d583f8032ba00f0bd0c6e5905?pvs=21),Source Prop/print,,Leila's line puzzle (https://www.notion.so/Leila-s-line-puzzle-1dd2f33d583f80ef99abff203a81c38f?pvs=21),,,Prop,,,
Lobbying letter about AI advancements,Morgan Reed (https://www.notion.so/Morgan-Reed-1b62f33d583f80cf87d4db0faec3b54a?pvs=21),Idea/Placeholder,,,heat reveal (https://www.notion.so/heat-reveal-1dd2f33d583f8047a1f3f21d81aeb767?pvs=21),,Prop,,,
Taylor's locked jacket,Taylor Chase (https://www.notion.so/Taylor-Chase-1b62f33d583f8044b768e88bdeb3753c?pvs=21),Idea/Placeholder,,Taylor’s indexing puzzle (https://www.notion.so/Taylor-s-indexing-puzzle-1dc2f33d583f80e9a36bc89c24ae43f0?pvs=21),,,Prop,,,
Ashe's locked pouch,Ashe Motoko (https://www.notion.so/Ashe-Motoko-19f2f33d583f804fa5e2c90a3cac6699?pvs=21),Source Prop/print,,Ashe's talk-to-people math puzzle (https://www.notion.so/Ashe-s-talk-to-people-math-puzzle-1dc2f33d583f80e68cbdfd54cfe6f697?pvs=21),,,Prop,,,
Jessicah's purse,Jessicah Kane (https://www.notion.so/Jessicah-Kane-19f2f33d583f80e2af1fced97f5d8b60?pvs=21),Source Prop/print,,jewelry box scavenger hunt puzzle (https://www.notion.so/jewelry-box-scavenger-hunt-puzzle-1dc2f33d583f80538c30d34f227ed1ff?pvs=21),,,Prop,,,
Character Sheets,,Writing Complete,,,,,Prop,,,
Purse Key,Sarah Blackwood (https://www.notion.so/Sarah-Blackwood-18c2f33d583f804588f3c23116be2724?pvs=21),Ready for Playtest,,,False Bottom Puzzle (https://www.notion.so/False-Bottom-Puzzle-1b62f33d583f80f28333feae6e7f6bd5?pvs=21),,Prop,,,
Sarah's Purse,Sarah Blackwood (https://www.notion.so/Sarah-Blackwood-18c2f33d583f804588f3c23116be2724?pvs=21),In development,,False Bottom Puzzle (https://www.notion.so/False-Bottom-Puzzle-1b62f33d583f80f28333feae6e7f6bd5?pvs=21),,,Prop,,,Marriage Troubles
drinks menu,,Idea/Placeholder,,,Jamie's bar puzzle (https://www.notion.so/Jamie-s-bar-puzzle-1dd2f33d583f80b4a89ffea6523e4bb4?pvs=21),,,,,
sofia's headshot,,Idea/Placeholder,,,Sofia's headshot puzzle (https://www.notion.so/Sofia-s-headshot-puzzle-1de2f33d583f80e589e2f16fa694e299?pvs=21),,,,,
Tori's transparencies,Tori Zhang (https://www.notion.so/Tori-Zhang-1b62f33d583f80a7b85fd832d542b747?pvs=21),Idea/Placeholder,,,Tori's puzzle (https://www.notion.so/Tori-s-puzzle-1de2f33d583f8098bf2ace81771756dc?pvs=21),,,,,
Text between Skyler and Victoria,Skyler Iyer (https://www.notion.so/Skyler-Iyer-1b62f33d583f808681f8c0a239ef8736?pvs=21),Idea/Placeholder,,,Skyler's non-puzzle (https://www.notion.so/Skyler-s-non-puzzle-1de2f33d583f8012b944d60fad6057e1?pvs=21),,,,,
Oliver’s pill bottle,Oliver Sterling (https://www.notion.so/Oliver-Sterling-1b62f33d583f80babea1ce0d7650256d?pvs=21),Idea/Placeholder,,,Oliver's pill logic puzzle (https://www.notion.so/Oliver-s-pill-logic-puzzle-1de2f33d583f80d0bfc6cd2c725f8ed9?pvs=21),,,,,
Sofia's earrings,Sofia Francisco (https://www.notion.so/Sofia-Francisco-1b62f33d583f8063bc0cfa0195863eb9?pvs=21),Idea/Placeholder,,,Sofia's headshot puzzle (https://www.notion.so/Sofia-s-headshot-puzzle-1de2f33d583f80e589e2f16fa694e299?pvs=21),,,,,
Sofia's sunglasses,Sofia Francisco (https://www.notion.so/Sofia-Francisco-1b62f33d583f8063bc0cfa0195863eb9?pvs=21),Idea/Placeholder,,,Sofia's headshot puzzle (https://www.notion.so/Sofia-s-headshot-puzzle-1de2f33d583f80e589e2f16fa694e299?pvs=21),,,,,
Sofia's necklace,Sofia Francisco (https://www.notion.so/Sofia-Francisco-1b62f33d583f8063bc0cfa0195863eb9?pvs=21),Idea/Placeholder,,,Sofia's headshot puzzle (https://www.notion.so/Sofia-s-headshot-puzzle-1de2f33d583f80e589e2f16fa694e299?pvs=21),,,,,
Kai's puzzle note,Kai Andersen (https://www.notion.so/Kai-Andersen-1b62f33d583f80ceb624d8c9b78a7850?pvs=21),Idea/Placeholder,,,,,,,,
marks on the floors for kai's puzzle,Kai Andersen (https://www.notion.so/Kai-Andersen-1b62f33d583f80ceb624d8c9b78a7850?pvs=21),Idea/Placeholder,,,,,,,,
misc furniture for Kai's puzzle,Kai Andersen (https://www.notion.so/Kai-Andersen-1b62f33d583f80ceb624d8c9b78a7850?pvs=21),Idea/Placeholder,,,,,,,,
binary translation,Howie Sullivan (https://www.notion.so/Howie-Sullivan-1b62f33d583f807fb807d89bb65c2c33?pvs=21),Source Prop/print,,,,,,,,
Drink orders,Jamie Woods (https://www.notion.so/Jamie-Woods-1b62f33d583f80229a6fc558cbb376a8?pvs=21),Idea/Placeholder,,,Jamie's bar puzzle (https://www.notion.so/Jamie-s-bar-puzzle-1dd2f33d583f80b4a89ffea6523e4bb4?pvs=21),,,,,
The bar,Jamie Woods (https://www.notion.so/Jamie-Woods-1b62f33d583f80229a6fc558cbb376a8?pvs=21),Idea/Placeholder,,,,,,,,
Leila's fabric,Leila Bishara (https://www.notion.so/Leila-Bishara-1b62f33d583f8032ba00f0bd0c6e5905?pvs=21),Idea/Placeholder,,,Leila's line puzzle (https://www.notion.so/Leila-s-line-puzzle-1dd2f33d583f80ef99abff203a81c38f?pvs=21),,,,,
Morgan’s briefcase,Morgan Reed (https://www.notion.so/Morgan-Reed-1b62f33d583f80cf87d4db0faec3b54a?pvs=21),Idea/Placeholder,,heat reveal (https://www.notion.so/heat-reveal-1dd2f33d583f8047a1f3f21d81aeb767?pvs=21),,,,,,
Flip's locked box,Flip (https://www.notion.so/Flip-1b62f33d583f80538a7cfe8f669c0984?pvs=21),Source Prop/print,,,,,,,,
Text between Flip and his bookie,Flip (https://www.notion.so/Flip-1b62f33d583f80538a7cfe8f669c0984?pvs=21),Source Prop/print,,,,,,,,
Black Market Business card,"Ashe Motoko (https://www.notion.so/Ashe-Motoko-19f2f33d583f804fa5e2c90a3cac6699?pvs=21), Derek Thorn (https://www.notion.so/Derek-Thorn-18c2f33d583f80a39b13ca462bd2d606?pvs=21)",Source Prop/print,,,,,,,,
Taylor’s indexing puzzle note,Taylor Chase (https://www.notion.so/Taylor-Chase-1b62f33d583f8044b768e88bdeb3753c?pvs=21),Source Prop/print,,,,,,,,
Jessicah's key for locked purse,Jessicah Kane (https://www.notion.so/Jessicah-Kane-19f2f33d583f80e2af1fced97f5d8b60?pvs=21),Idea/Placeholder,,,jewelry box scavenger hunt puzzle (https://www.notion.so/jewelry-box-scavenger-hunt-puzzle-1dc2f33d583f80538c30d34f227ed1ff?pvs=21),,,,,
Jessicah's jewelry box with note from marcus,Jessicah Kane (https://www.notion.so/Jessicah-Kane-19f2f33d583f80e2af1fced97f5d8b60?pvs=21),Source Prop/print,,,jewelry box scavenger hunt puzzle (https://www.notion.so/jewelry-box-scavenger-hunt-puzzle-1dc2f33d583f80538c30d34f227ed1ff?pvs=21),,,,,
Diana's locked bag,Diana Nilsson (https://www.notion.so/Diana-Nilsson-19f2f33d583f801f8f0dfbe2aaabdffa?pvs=21),Source Prop/print,,,,,,,,
Ashe's puzzle note,Ashe Motoko (https://www.notion.so/Ashe-Motoko-19f2f33d583f804fa5e2c90a3cac6699?pvs=21),Source Prop/print,,,,,,,,
Paternity test for Jessicah,Diana Nilsson (https://www.notion.so/Diana-Nilsson-19f2f33d583f801f8f0dfbe2aaabdffa?pvs=21),Idea/Placeholder,,,Paternity test percentage (https://www.notion.so/Paternity-test-percentage-1dc2f33d583f80f4a90be432ae28c773?pvs=21),,,,,
Diana's emails about divorce,Diana Nilsson (https://www.notion.so/Diana-Nilsson-19f2f33d583f801f8f0dfbe2aaabdffa?pvs=21),Source Prop/print,,,,,,,,